{"cameraMode":{"drawMode":0,"name":"Shaded","section":"Shading Mode"},"sceneLighting":false,"audioPlay":false,"sceneViewState":{"m_AlwaysRefresh":false,"showFog":true,"showSkybox":true,"showFlares":true,"showImageEffects":true,"showParticleSystems":true,"showVisualEffectGraphs":true,"m_FxEnabled":true},"in2DMode":false,"pivot":{"x":-3.1923327445983888,"y":-0.33690008521080019,"z":8.530163764953614},"rotation":{"x":0.07211440801620484,"y":0.052151601761579517,"z":-0.003775485325604677,"w":0.9960372447967529},"size":4.190749168395996,"orthographic":false}