{"cameraMode":{"drawMode":0,"name":"Shaded","section":"Shading Mode"},"sceneLighting":false,"audioPlay":false,"sceneViewState":{"m_AlwaysRefresh":false,"showFog":true,"showSkybox":true,"showFlares":true,"showImageEffects":true,"showParticleSystems":true,"showVisualEffectGraphs":true,"m_FxEnabled":true},"in2DMode":false,"pivot":{"x":0.7018476724624634,"y":-7.033154487609863,"z":-9.539885520935059},"rotation":{"x":0.0074230097234249119,"y":0.9579965472221375,"z":-0.28564414381980898,"w":0.024899402633309366},"size":8.539305686950684,"orthographic":false}